{"train/loss":10.931504249572754,"_runtime":4.256020067,"val/loss":1e+09,"mfu":-100,"_step":0,"_wandb":{"runtime":23},"best_val_loss":1e+09,"lr":0,"_timestamp":1.7354803159690194e+09,"iter":0}